age_months,age_years_printed,height_boys_L,height_boys_M,height_boys_S,height_girls_L,height_girls_M,height_girls_S,weight_boys_L,weight_boys_M,weight_boys_S,weight_girls_L,weight_girls_M,weight_girls_S,bmi_boys_L,bmi_boys_M,bmi_boys_S,bmi_girls_L,bmi_girls_M,bmi_girls_S
60,5,0.383327,108.9265,0.04679407,-0.2585946,107.5285,0.05122385,-0.9399552,17.10756,0.1479988,-1.110038,16.41601,0.168536,-1.60292,14.61904,0.1087252,-1.92325,14.22754,0.103867
61,5.083,0.3871962,109.4187,0.04685299,-0.221045,108.0263,0.05122068,-0.9327537,17.28801,0.149143,-1.095698,16.60693,0.1695349,-1.599898,14.63302,0.1091225,-1.905002,14.25243,0.1049085
62,5.167,0.3910664,109.9109,0.04691192,-0.1834952,108.524,0.05121751,-0.9255523,17.46853,0.1502884,-1.081359,16.79778,0.1705337,-1.596775,14.64746,0.109533,-1.886755,14.27731,0.10595
63,5.25,0.3949372,110.403,0.04697088,-0.1459444,109.0216,0.05121434,-0.9183509,17.64842,0.1514371,-1.06702,16.98855,0.1715323,-1.593549,14.66238,0.109957,-1.868506,14.30219,0.1069913
64,5.333,0.3988065,110.8952,0.04702989,-0.1083912,109.5191,0.05121119,-0.9111495,17.82733,0.1525925,-1.05268,17.17925,0.1725307,-1.59022,14.67777,0.1103947,-1.850255,14.32709,0.1080325
65,5.417,0.4026717,111.3873,0.04708897,-0.07083497,110.0165,0.05120803,-0.9039481,18.00562,0.1537583,-1.038339,17.37,0.1735287,-1.586785,14.69366,0.1108462,-1.832,14.35205,0.1090735
66,5.5,0.4065301,111.8795,0.04714813,-0.03327769,110.5137,0.05120486,-0.8967467,18.18414,0.1549365,-1.023997,17.56102,0.1745261,-1.583242,14.71004,0.1113119,-1.81374,14.37711,0.110114
67,5.583,0.4103786,112.3715,0.04720739,0.004276868,111.0107,0.05120167,-0.8895453,18.36369,0.1561286,-1.009654,17.75251,0.1755228,-1.579591,14.72692,0.1117918,-1.795473,14.40232,0.1111542
68,5.667,0.4142124,112.8634,0.04726677,0.04182363,111.5075,0.05119845,-0.8823439,18.54588,0.1573353,-0.995309,17.94464,0.1765186,-1.575829,14.74432,0.1122863,-1.7772,14.42773,0.1121939
69,5.75,0.4180263,113.3552,0.04732628,0.07934974,112.004,0.05119518,-0.8751425,18.73243,0.1585572,-0.9809638,18.13752,0.1775134,-1.571954,14.76224,0.1127954,-1.758919,14.45339,0.1132329
70,5.833,0.4218161,113.8467,0.04738594,0.1168382,112.5002,0.05119187,-0.8679411,18.9246,0.1597955,-0.9666194,18.3313,0.178507,-1.567966,14.78068,0.1133195,-1.740629,14.47935,0.1142713
71,5.917,0.4255776,114.3379,0.04744576,0.154274,112.996,0.0511885,-0.8607396,19.12345,0.1610503,-0.9522774,18.52615,0.1794992,-1.563861,14.79967,0.1138586,-1.722329,14.50566,0.1153088
72,6,0.4293047,114.8287,0.04750576,0.1916449,113.4914,0.05118505,-0.8535382,19.33043,0.1623213,-0.9379392,18.72225,0.1804898,-1.55964,14.81919,0.1144131,-1.704021,14.53237,0.1163453
73,6.083,0.4329887,115.3191,0.04756596,0.2289383,113.9865,0.05118151,-0.8463368,19.54773,0.1636084,-0.9236063,18.91974,0.1814784,-1.5553,14.83927,0.1149829,-1.685703,14.55952,0.1173806
74,6.167,0.4366195,115.809,0.04762638,0.2661374,114.4812,0.05117787,-0.8391354,19.77285,0.1649124,-0.9092798,19.11856,0.1824648,-1.550839,14.85991,0.1155683,-1.667375,14.5871,0.1184146
75,6.25,0.4401832,116.2984,0.04768706,0.303231,114.9756,0.05117416,-0.831934,20.00217,0.166235,-0.89496,19.31857,0.1834486,-1.546255,14.88111,0.1161695,-1.649037,14.61508,0.1194469
76,6.333,0.4436649,116.7873,0.04774804,0.3402103,115.4697,0.05117035,-0.8247326,20.23174,0.1675775,-0.8806472,19.51962,0.1844296,-1.541548,14.90288,0.1167866,-1.630686,14.64344,0.1204773
77,6.417,0.4470499,117.2756,0.04780934,0.3770659,115.9637,0.05116643,-0.8175312,20.45813,0.1689414,-0.8663417,19.72165,0.1854073,-1.536715,14.92522,0.1174197,-1.612323,14.67215,0.1215055
78,6.5,0.4503261,117.7632,0.04787096,0.4137911,116.4575,0.05116235,-0.8103298,20.67942,0.1703275,-0.8520437,19.92473,0.1863811,-1.531755,14.94814,0.1180689,-1.593946,14.70121,0.1225312
79,6.583,0.4534827,118.2501,0.04793292,0.4503809,116.9512,0.05115807,-0.8031284,20.89525,0.1717368,-0.8377535,20.129,0.1873507,-1.526666,14.97164,0.1187344,-1.575554,14.73063,0.1235541
80,6.667,0.4565105,118.7364,0.04799522,0.48683,117.445,0.05115354,-0.795927,21.10626,0.1731694,-0.8234714,20.33462,0.1883154,-1.521446,14.99574,0.1194162,-1.557146,14.76042,0.1245738
81,6.75,0.4594033,119.2218,0.04805786,0.5231268,117.9387,0.05114868,-0.7887256,21.31347,0.1746249,-0.8091983,20.54178,0.1892746,-1.516094,15.02043,0.1201144,-1.53872,14.79063,0.1255899
82,6.833,0.4621569,119.7064,0.04812085,0.5592562,118.4325,0.05114344,-0.7815242,21.51942,0.1761029,-0.7949361,20.75081,0.1902278,-1.510608,15.04571,0.1208291,-1.520278,14.82129,0.126602
83,6.917,0.4647719,120.1901,0.04818417,0.5952023,118.9265,0.05113776,-0.7743227,21.72741,0.1776021,-0.780688,20.9621,0.1911745,-1.504987,15.07161,0.1215603,-1.501819,14.85247,0.1276098
84,7,0.46725,120.673,0.04824781,0.6309465,119.4207,0.05113156,-0.7671214,21.94067,0.17912,-0.7664575,21.1761,0.192114,-1.499228,15.09811,0.1223079,-1.483347,14.88425,0.128613
85,7.083,0.4695944,121.1549,0.04831178,0.6664684,119.9151,0.05112478,-0.7599199,22.16175,0.180654,-0.752249,21.39317,0.1930458,-1.493331,15.12524,0.1230721,-1.464862,14.91668,0.1296111
86,7.167,0.4718198,121.6358,0.04837607,0.7017473,120.4098,0.05111738,-0.7527186,22.38851,0.1822034,-0.7380659,21.61336,0.1939694,-1.487294,15.15298,0.1238526,-1.446368,14.94979,0.1306039
87,7.25002564102564,0.4739449,122.1155,0.0484407,0.7367597,120.9049,0.05110931,-0.7455171,22.61871,0.1837669,-0.7239115,21.8366,0.1948843,-1.481115,15.18135,0.1246494,-1.427864,14.98356,0.131591
88,7.33336080586081,0.4759884,122.594,0.04850568,0.7714816,121.4004,0.05110051,-0.7383158,22.85147,0.1853413,-0.7097891,22.06279,0.1957899,-1.474793,15.21034,0.1254625,-1.409354,15.01796,0.1325721
89,7.41669597069597,0.4779696,123.0712,0.048571,0.8058875,121.8962,0.05109094,-0.7311143,23.08714,0.1869225,-0.6957022,22.29188,0.1966857,-1.468326,15.23997,0.1262916,-1.39084,15.05299,0.1335469
90,7.50003113553114,0.479908,123.5471,0.04863665,0.8399522,122.3924,0.05108052,-0.723913,23.32652,0.1885057,-0.6816542,22.52377,0.1975712,-1.461713,15.27023,0.1271365,-1.372323,15.08864,0.134515
91,7.5833663003663,0.4818253,124.0215,0.04870261,0.8736561,122.8889,0.0510692,-0.7167116,23.56931,0.1900853,-0.667648,22.75833,0.1984457,-1.454952,15.30113,0.1279971,-1.353807,15.12492,0.1354761
92,7.66670146520147,0.4837427,124.4944,0.04876886,0.9069802,123.3857,0.0510569,-0.7095101,23.81522,0.1916544,-0.6536866,22.99552,0.1993086,-1.448041,15.33267,0.1288729,-1.335293,15.16183,0.1364295
93,7.75003663003663,0.4856815,124.9657,0.04883536,0.9399055,123.8828,0.05104355,-0.7023088,24.06432,0.1932072,-0.6397735,23.23533,0.2001594,-1.440981,15.36486,0.1297637,-1.316786,15.19938,0.1373751
94,7.833,0.4876599,125.4353,0.04890209,0.9724102,124.3803,0.05102907,-0.6951074,24.31681,0.1947381,-0.6259127,23.47782,0.2009974,-1.433768,15.39769,0.1306691,-1.298289,15.23761,0.1383123
95,7.917,0.489692,125.9032,0.04896901,1.00447,124.8781,0.05101338,-0.687906,24.57258,0.1962413,-0.6121086,23.72317,0.2018218,-1.426403,15.43116,0.1315888,-1.279806,15.27653,0.1392405
96,8,0.4917891,126.3693,0.0490361,1.036057,125.3762,0.05099639,-0.6807046,24.83237,0.1977116,-0.5983667,23.9716,0.2026322,-1.418884,15.46529,0.1325221,-1.261344,15.3162,0.1401595
97,8.083,0.4939661,126.8337,0.04910332,1.067141,125.8748,0.05097799,-0.6735032,25.09794,0.199146,-0.5846922,24.22334,0.2034276,-1.41121,15.50006,0.1334687,-1.242906,15.35663,0.1410687
98,8.167,0.4962473,127.2964,0.04917065,1.097695,126.3739,0.05095812,-0.6663018,25.36629,0.2005438,-0.5710899,24.47834,0.2042075,-1.403381,15.53547,0.1344281,-1.224496,15.39781,0.1419676
99,8.25,0.4986612,127.7573,0.04923808,1.127692,126.8734,0.05093666,-0.6591004,25.63415,0.2019053,-0.5575646,24.73654,0.2049712,-1.395395,15.57152,0.1353998,-1.20612,15.43974,0.1428558
100,8.333,0.5012372,128.2165,0.0493056,1.157105,127.3734,0.05091354,-0.651899,25.89935,0.2032312,-0.5441219,24.99792,0.205718,-1.387253,15.6082,0.1363831,-1.187782,15.48238,0.1437329
101,8.417,0.5040011,128.674,0.0493732,1.18591,127.8738,0.05088864,-0.6446976,26.16035,0.2045226,-0.5307673,25.26253,0.2064473,-1.378953,15.64551,0.1373774,-1.169485,15.52575,0.1445984
102,8.5,0.5069731,129.13,0.04944085,1.214082,128.3747,0.05086185,-0.6374962,26.41625,0.2057811,-0.5175076,25.53037,0.2071583,-1.370496,15.68343,0.1383822,-1.151237,15.56983,0.1454519
103,8.583,0.5101717,129.5844,0.04950855,1.241588,128.876,0.05083309,-0.6302949,26.6676,0.2070088,-0.5043514,25.80149,0.2078504,-1.361881,15.72197,0.1393968,-1.133042,15.61462,0.146293
104,8.667,0.5136153,130.0374,0.04957626,1.268389,129.3776,0.05080224,-0.6230935,26.91505,0.2082083,-0.491309,26.07596,0.2085229,-1.353109,15.76113,0.1404206,-1.114908,15.66013,0.1471214
105,8.75,0.5173211,130.489,0.04964396,1.294443,129.8797,0.05076922,-0.6158921,27.15895,0.209383,-0.4783913,26.35393,0.2091755,-1.344181,15.80089,0.1414527,-1.096843,15.70637,0.1479366
106,8.833,0.5213057,130.9395,0.04971161,1.319702,130.3821,0.05073396,-0.6086907,27.40002,0.2105357,-0.4656091,26.6356,0.2098074,-1.335097,15.84125,0.1424925,-1.078855,15.75338,0.1487383
107,8.917,0.5255857,131.3889,0.04977915,1.344118,130.885,0.05069635,-0.6014894,27.64002,0.2116696,-0.4529731,26.92122,0.2104181,-1.325858,15.88222,0.1435392,-1.060951,15.80116,0.1495261
108,9,0.5301772,131.8373,0.04984654,1.367641,131.3883,0.05065631,-0.594288,27.88177,0.2127877,-0.4404939,27.2111,0.2110072,-1.316467,15.92379,0.144592,-1.043137,15.84977,0.1502998
109,9.083,0.5350976,132.285,0.04991373,1.39022,131.8921,0.05061373,-0.5870866,28.1285,0.2138926,-0.4281824,27.5055,0.2115742,-1.306924,15.96596,0.1456501,-1.025422,15.89922,0.1510591
110,9.167,0.540368,132.7321,0.04998066,1.411828,132.3963,0.05056856,-0.5798852,28.37992,0.2149869,-0.4160481,27.80439,0.2121185,-1.297232,16.00874,0.1467128,-1.007813,15.9495,0.1518037
111,9.25,0.5460094,133.1787,0.05004728,1.432449,132.9008,0.05052071,-0.5726839,28.63538,0.2160723,-0.4040993,28.10768,0.2126398,-1.287392,16.0521,0.1477789,-0.9903187,16.0006,0.1525332
112,9.333,0.5520381,133.6248,0.05011354,1.45207,133.4054,0.05047012,-0.5654825,28.89445,0.2171496,-0.3923435,28.41532,0.2131376,-1.277408,16.09605,0.1488477,-0.9729474,16.0525,0.1532475
113,9.417,0.5584638,134.0708,0.05017937,1.470681,133.91,0.05041673,-0.5582811,29.15692,0.2182186,-0.380788,28.72728,0.2136116,-1.267281,16.14058,0.1499181,-0.9557068,16.10518,0.1539462
114,9.5,0.5652928,134.5166,0.05024471,1.48827,134.4146,0.05036046,-0.5510797,29.42252,0.2192789,-0.3694404,29.04357,0.2140613,-1.257014,16.18568,0.150989,-0.9386045,16.15865,0.1546291
115,9.583,0.5725316,134.9623,0.05030948,1.504825,134.9189,0.05030121,-0.5438783,29.69017,0.2203301,-0.3583082,29.3642,0.2144863,-1.246611,16.23134,0.1520594,-0.921647,16.21289,0.1552961
116,9.667,0.5801867,135.4083,0.05037361,1.520336,135.4229,0.05023891,-0.5366769,29.95931,0.2213717,-0.3473983,29.68915,0.2148862,-1.236075,16.27755,0.1531281,-0.9048404,16.2679,0.1559468
117,9.75,0.5882636,135.8544,0.050437,1.534792,135.9264,0.05017346,-0.5294755,30.22974,0.2224023,-0.336717,30.01842,0.2152608,-1.225409,16.32429,0.1541941,-0.8881906,16.32367,0.156581
118,9.833,0.5967656,136.3011,0.05049957,1.548179,136.4291,0.05010476,-0.5222741,30.50187,0.2234196,-0.3262713,30.35205,0.2156095,-1.214618,16.37156,0.1552562,-0.8717033,16.38021,0.1571986
119,9.917,0.6056944,136.7482,0.0505612,1.560479,136.931,0.05003276,-0.5150727,30.77683,0.224421,-0.3160684,30.69011,0.2159321,-1.203706,16.41934,0.156313,-0.855384,16.43753,0.1577993
120,10,0.6150503,137.1962,0.05062178,1.571669,137.4318,0.04995735,-0.5078712,31.05661,0.2254034,-0.3061158,31.03266,0.2162282,-1.192677,16.46763,0.1573635,-0.8392372,16.49565,0.158383
121,10.083,0.6248344,137.6451,0.05068121,1.581731,137.9314,0.04987851,-0.5006698,31.3428,0.2263647,-0.2964211,31.37968,0.2164975,-1.181537,16.51641,0.1584063,-0.8232678,16.55454,0.1589493
122,10.167,0.6350506,138.0951,0.05073937,1.590663,138.4294,0.0497962,-0.4934683,31.6339,0.2273047,-0.2869885,31.73081,0.21674,-1.170291,16.56566,0.1594404,-0.8074785,16.61417,0.1594984
123,10.25,0.6457017,138.5463,0.05079619,1.598463,138.9256,0.04971044,-0.4862669,31.92878,0.2282243,-0.2778216,32.08562,0.2169555,-1.158943,16.61534,0.1604646,-0.7918717,16.67445,0.1600299
124,10.333,0.6567887,138.9989,0.05085155,1.605127,139.4197,0.04962124,-0.4790654,32.22663,0.2291235,-0.2689251,32.44372,0.217144,-1.1475,16.66541,0.1614778,-0.7764502,16.73532,0.160544
125,10.417,0.6683129,139.4531,0.05090535,1.610651,139.9115,0.0495286,-0.4718639,32.52672,0.2300016,-0.2603035,32.80476,0.2173054,-1.135968,16.71584,0.162479,-0.7612168,16.79673,0.1610404
126,10.5,0.6802758,139.9088,0.05095745,1.615041,140.4005,0.04943255,-0.4646624,32.82885,0.2308572,-0.2519607,33.1684,0.2174397,-1.124354,16.7666,0.163467,-0.7461744,16.85864,0.1615192
127,10.583,0.6926785,140.3663,0.05100773,1.618301,140.8866,0.04933311,-0.4574609,33.13361,0.2316888,-0.243901,33.53436,0.2175468,-1.112666,16.81766,0.1644406,-0.7313263,16.92101,0.1619802
128,10.667,0.7055222,140.8255,0.05105604,1.620435,141.3692,0.04923031,-0.4502594,33.44231,0.2324951,-0.2361293,33.90238,0.2176269,-1.100913,16.86899,0.1653987,-0.7166769,16.98382,0.1624234
129,10.75,0.7188056,141.2867,0.05110226,1.621443,141.8483,0.04912417,-0.443058,33.75654,0.2332743,-0.2286516,34.27228,0.2176799,-1.089101,16.92058,0.1663401,-0.70223,17.04706,0.1628488
130,10.833,0.7325258,141.7499,0.05114624,1.621329,142.3234,0.04901472,-0.4358565,34.07797,0.2340251,-0.2214732,34.64386,0.217706,-1.077242,16.9724,0.1672638,-0.6879894,17.11069,0.1632565
131,10.917,0.7466801,142.2152,0.0511878,1.620094,142.7943,0.048902,-0.4286549,34.40834,0.2347465,-0.2145987,35.01689,0.2177052,-1.065344,17.02443,0.1681686,-0.6739583,17.17472,0.1636464
132,11,0.7612667,142.6827,0.05122681,1.617743,143.2606,0.04878603,-0.4214534,34.74945,0.2354382,-0.2080321,35.3912,0.2176775,-1.053418,17.07663,0.1690537,-0.6601396,17.23911,0.1640186
133,11.083,0.7762883,143.1523,0.05126311,1.614281,143.722,0.04866685,-0.4142519,35.10213,0.2361011,-0.2017753,35.76652,0.2176231,-1.041473,17.12899,0.169918,-0.6465352,17.30384,0.1643731
134,11.167,0.7917598,143.6241,0.05129659,1.609722,144.1781,0.04854457,-0.4070503,35.46262,0.2367373,-0.1958258,36.14215,0.2175424,-1.029518,17.18142,0.1707609,-0.633144,17.36882,0.1647099
135,11.25,0.8076988,144.0979,0.05132713,1.604081,144.6284,0.04841932,-0.3998488,35.82645,0.2373486,-0.1901795,36.51739,0.2174355,-1.017566,17.23384,0.1715814,-0.6199648,17.43394,0.1650293
136,11.333,0.8241214,144.5736,0.0513546,1.59738,145.0725,0.04829121,-0.3926474,36.19006,0.2379355,-0.1848315,36.89156,0.2173028,-1.005625,17.28616,0.1723787,-0.6069964,17.4991,0.1653312
137,11.417,0.8410411,145.0511,0.05137887,1.589645,145.5101,0.0481604,-0.3854459,36.55141,0.2384976,-0.1797763,37.26407,0.2171448,-0.9937084,17.33833,0.1731521,-0.5942374,17.56425,0.1656159
138,11.5,0.8584684,145.5303,0.05139977,1.580899,145.9406,0.04802704,-0.3782444,36.90973,0.2390332,-0.1750086,37.6344,0.2169619,-0.9818265,17.39028,0.1739007,-0.5816858,17.6293,0.1658836
139,11.583,0.8764119,146.0112,0.05141717,1.571165,146.3638,0.04789126,-0.3710429,37.2645,0.2395404,-0.170522,38.00206,0.2167545,-0.9699909,17.44196,0.1746238,-0.5693376,17.6942,0.1661343
140,11.667,0.8948814,146.4937,0.05143089,1.560463,146.7793,0.04775323,-0.3638414,37.61542,0.2400172,-0.1663103,38.36667,0.2165232,-0.9582133,17.49332,0.1753205,-0.5571892,17.75892,0.1663684
141,11.75,0.9138843,146.9775,0.05144077,1.548813,147.1869,0.04761308,-0.3566399,37.96255,0.2404609,-0.1623672,38.72787,0.2162683,-0.9465054,17.54432,0.1759901,-0.5452365,17.82341,0.166586
142,11.833,0.9334161,147.4627,0.05144665,1.536227,147.5861,0.04747096,-0.3494385,38.3069,0.2408689,-0.1586864,39.08538,0.2159906,-0.9348786,17.59494,0.176632,-0.533475,17.88765,0.1667875
143,11.917,0.9534612,147.949,0.05144838,1.522717,147.9769,0.04732701,-0.342237,38.65098,0.2412388,-0.1552619,39.43895,0.2156903,-0.9233441,17.64517,0.1772453,-0.5218995,17.9516,0.166973
144,12,0.9740009,148.4366,0.05144583,1.508295,148.359,0.04718137,-0.3350356,38.99852,0.2415683,-0.1520873,39.78839,0.2153681,-0.9119129,17.69504,0.1778293,-0.5105049,18.01524,0.1671427
145,12.083,0.9950175,148.9252,0.05143887,1.492977,148.7322,0.04703416,-0.3278342,39.35254,0.241855,-0.1491555,40.13356,0.2150244,-0.9005956,17.74456,0.1783834,-0.4992858,18.07856,0.1672971
146,12.167,1.016505,149.4146,0.05142738,1.476782,149.0964,0.04688554,-0.3206328,39.7117,0.2420983,-0.1464577,40.47417,0.2146597,-0.889402,17.79368,0.1789072,-0.4882362,18.14151,0.1674362
147,12.25,1.038456,149.9047,0.05141127,1.459727,149.4514,0.04673563,-0.3134314,40.07365,0.2422979,-0.143984,40.80988,0.2142747,-0.8783416,17.84235,0.1794003,-0.4773489,18.20406,0.1675605
148,12.333,1.06086,150.3952,0.05139044,1.441829,149.7969,0.04658458,-0.3062299,40.43651,0.2424526,-0.1417255,41.14038,0.2138699,-0.8674238,17.89048,0.1798625,-0.4666167,18.26613,0.1676701
149,12.417,1.083704,150.8859,0.05136479,1.423101,150.1329,0.04643252,-0.2990284,40.79878,0.242561,-0.1396734,41.46538,0.2134458,-0.8566585,17.93805,0.1802934,-0.4560322,18.3277,0.1677653
150,12.5,1.106974,151.3765,0.05133423,1.403554,150.4593,0.04627962,-0.2918269,41.15961,0.2426209,-0.1378194,41.78461,0.2130031,-0.8460559,17.98501,0.1806926,-0.4455876,18.38871,0.1678465
151,12.583,1.130655,151.8668,0.05129868,1.383196,150.776,0.046126,-0.2846254,41.51913,0.2426295,-0.1361565,42.09784,0.2125424,-0.8356262,18.03135,0.1810599,-0.435276,18.44911,0.167914
152,12.667,1.154729,152.3565,0.05125803,1.36203,151.0829,0.04597182,-0.2774239,41.87801,0.2425839,-0.1346783,42.40491,0.2120643,-0.8253803,18.07707,0.1813949,-0.4250902,18.50887,0.167968
153,12.75,1.179174,152.8455,0.0512122,1.340059,151.3802,0.04581721,-0.2702224,42.2378,0.2424817,-0.1333778,42.70565,0.2115695,-0.8153298,18.12222,0.1816974,-0.4150219,18.56796,0.168009
154,12.833,1.203967,153.3333,0.05116109,1.317283,151.6676,0.04566233,-0.2630208,42.60073,0.2423195,-0.1322486,42.99989,0.2110586,-0.8054872,18.16684,0.1819672,-0.4050625,18.62632,0.1680372
155,12.917,1.229083,153.8199,0.05110462,1.293703,151.9454,0.04550727,-0.2558193,42.96934,0.242094,-0.1312852,43.28752,0.2105323,-0.7958645,18.21103,0.1822042,-0.3952042,18.68393,0.168053
156,13,1.254491,154.3049,0.0510427,1.26932,152.2136,0.04535218,-0.2486177,43.34652,0.2418021,-0.1304831,43.56847,0.209991,-0.7864735,18.25487,0.1824082,-0.3854402,18.74076,0.1680566
157,13.083,1.280167,154.7881,0.05097526,1.244138,152.4723,0.04519715,-0.2414161,43.73443,0.2414419,-0.1298372,43.8427,0.2094355,-0.7773245,18.29844,0.1825795,-0.3757637,18.79679,0.1680484
158,13.167,1.306098,155.269,0.05090228,1.218179,152.7215,0.04504233,-0.2342144,44.12969,0.2410159,-0.1293398,44.11012,0.2088663,-0.7684232,18.34171,0.1827184,-0.3661675,18.85199,0.1680285
159,13.25,1.33227,155.7471,0.0508238,1.191465,152.9613,0.04488785,-0.2270128,44.52861,0.240527,-0.1289827,44.37065,0.208284,-0.7597732,18.38463,0.1828253,-0.3566457,18.90636,0.1679972
160,13.333,1.358665,156.2221,0.05073982,1.164018,153.1918,0.04473384,-0.2198111,44.92915,0.2399775,-0.128759,44.62429,0.2076892,-0.7513776,18.42719,0.1829006,-0.3471938,18.9599,0.1679548
161,13.417,1.385264,156.6935,0.05065038,1.13586,153.4132,0.04458043,-0.2126094,45.33056,0.2393694,-0.1286616,44.87105,0.2070823,-0.7432387,18.46944,0.1829444,-0.3378074,19.0126,0.1679014
162,13.5,1.412045,157.1609,0.05055551,1.107016,153.6255,0.04442771,-0.2054078,45.73244,0.2387049,-0.1286832,45.11095,0.2064639,-0.7353577,18.51144,0.1829573,-0.3284822,19.06446,0.1678373
163,13.583,1.438987,157.6241,0.05045526,1.077512,153.8289,0.0442758,-0.1982061,46.13438,0.2379858,-0.1288167,45.34401,0.2058347,-0.7277352,18.55324,0.1829398,-0.3192142,19.11547,0.1677628
164,13.667,1.46607,158.0826,0.05034967,1.047371,154.0236,0.04412477,-0.1910045,46.53654,0.2372133,-0.1290559,45.57024,0.2051951,-0.7203714,18.59491,0.1828923,-0.3100009,19.16562,0.1676781
165,13.75,1.493272,158.536,0.05023879,1.016621,154.2098,0.04397469,-0.1838027,46.9397,0.2363883,-0.1293949,45.78972,0.2045458,-0.713265,18.63657,0.1828153,-0.3008406,19.21493,0.1675836
166,13.833,1.520571,158.984,0.05012267,0.9852855,154.3876,0.04382563,-0.176601,47.34529,0.2355117,-0.1298285,46.00254,0.2038871,-0.7064133,18.67835,0.1827095,-0.2917312,19.2634,0.1674794
167,13.917,1.547941,159.4265,0.0500014,0.9533877,154.5572,0.04367763,-0.1693993,47.75539,0.2345838,-0.1303516,46.20888,0.2032198,-0.6998128,18.72042,0.1825755,-0.2826705,19.31105,0.1673659
168,14,1.575356,159.863,0.04987503,0.9209511,154.719,0.04353074,-0.1621976,48.17273,0.2336046,-0.130959,46.40896,0.2025442,-0.6934608,18.76296,0.1824141,-0.2736556,19.35791,0.1672435
169,14.083,1.602796,160.2933,0.04974365,0.8880012,154.8731,0.04338501,-0.154996,48.59927,0.2325746,-0.1316454,46.60301,0.2018608,-0.6873542,18.80614,0.1822261,-0.2646834,19.40401,0.1671123
170,14.167,1.630265,160.7172,0.04960741,0.8545696,155.0197,0.04324051,-0.1477943,49.03199,0.2315007,-0.1324044,46.79103,0.2011702,-0.6814889,18.8499,0.1820133,-0.2557491,19.44932,0.1669727
171,14.25,1.657775,161.1342,0.04946645,0.8206899,155.1592,0.04309729,-0.1405926,49.46707,0.2303908,-0.1332294,46.973,0.2004728,-0.6758594,18.89415,0.1817777,-0.2468478,19.49384,0.1668251
172,14.333,1.685332,161.5441,0.04932095,0.7863944,155.2916,0.04295541,-0.1333909,49.90125,0.2292522,-0.1341147,47.14894,0.1997691,-0.6704594,18.93878,0.1815214,-0.2379753,19.53756,0.1666697
173,14.417,1.712943,161.9467,0.04917107,0.7517163,155.4173,0.04281491,-0.1261892,50.33194,0.2280915,-0.135055,47.31892,0.1990596,-0.6652838,18.98372,0.1812466,-0.2291272,19.58047,0.1665068
174,14.5,1.740613,162.3417,0.04901697,0.7166902,155.5364,0.04267579,-0.1189874,50.75713,0.2269145,-0.1360454,47.48303,0.1983447,-0.660327,19.0289,0.1809551,-0.2202999,19.62257,0.1663369
175,14.583,1.768348,162.7289,0.04885883,0.6813493,155.6492,0.04253809,-0.1117856,51.17519,0.2257263,-0.1370826,47.64143,0.1976249,-0.6555831,19.07429,0.1806487,-0.211491,19.66389,0.1661602
176,14.667,1.796153,163.1082,0.04869679,0.6457255,155.7561,0.04240179,-0.1045838,51.58484,0.2245312,-0.1381636,47.79435,0.1969006,-0.6510447,19.11986,0.180329,-0.2026988,19.70445,0.1659771
177,14.75,1.82403,163.4795,0.04853104,0.6098506,155.8572,0.04226691,-0.0973819,51.9853,0.2233325,-0.1392861,47.94205,0.1961722,-0.6467025,19.16562,0.1799971,-0.1939224,19.74428,0.1657878
178,14.833,1.851978,163.8425,0.04836175,0.5737556,155.9529,0.04213344,-0.09018006,52.37621,0.2221337,-0.1404478,48.0849,0.19544,-0.6425464,19.21161,0.1796541,-0.1851616,19.78345,0.1655928
179,14.917,1.879994,164.1974,0.04818908,0.5374698,156.0434,0.04200133,-0.08297825,52.7575,0.2209385,-0.1416468,48.22326,0.1947045,-0.6385658,19.25784,0.1793013,-0.1764164,19.822,0.1653921
180,15,1.908074,164.544,0.04801321,0.5010188,156.1292,0.04187059,-0.07577648,53.12967,0.2197497,-0.1428817,48.35752,0.193966,-0.634748,19.30437,0.1789396,-0.1676876,19.85999,0.1651863
181,15.083,1.936212,164.8825,0.04783433,0.4644212,156.2106,0.04174117,-0.06857473,53.49343,0.2185699,-0.1441516,48.48806,0.1932248,-0.6310796,19.35127,0.1785698,-0.1589754,19.89747,0.1649756
182,15.167,1.964397,165.2129,0.04765264,0.4276902,156.2877,0.04161305,-0.06137299,53.84753,0.2174032,-0.1454548,48.61512,0.1924813,-0.6275487,19.39843,0.1781932,-0.1502787,19.93448,0.1647603
183,15.25,1.992621,165.5354,0.04746831,0.3908375,156.361,0.04148621,-0.05417124,54.19087,0.2162538,-0.1467895,48.73891,0.1917358,-0.6241437,19.44576,0.177811,-0.1415965,19.97104,0.1645407
184,15.333,2.020875,165.8501,0.04728155,0.3538748,156.4305,0.04136064,-0.04696949,54.5228,0.2151254,-0.1481539,48.85965,0.1909887,-0.6208522,19.4932,0.1774248,-0.1329278,20.0072,0.1643173
185,15.417,2.049159,166.1573,0.04709252,0.3168142,156.4966,0.04123632,-0.03976773,54.84309,0.2140206,-0.1495465,48.97754,0.1902403,-0.6176607,19.5407,0.1770361,-0.1242716,20.04296,0.1640903
186,15.5,2.077466,166.457,0.0469014,0.279664,156.5596,0.04111324,-0.03256597,55.15178,0.2129402,-0.1509653,49.0928,0.1894909,-0.6145542,19.58824,0.1766458,-0.1156272,20.07837,0.1638601
187,15.583,2.105795,166.7498,0.04670834,0.2424323,156.6196,0.04099137,-0.02536421,55.44929,0.2118841,-0.1524082,49.20568,0.1887409,-0.6115153,19.6358,0.1762545,-0.1069931,20.11344,0.163627
188,15.667,2.13414,167.0356,0.0465135,0.20513,156.677,0.04087069,-0.01816243,55.73631,0.2108524,-0.1538726,49.31642,0.1879905,-0.6085269,19.68338,0.175863,-0.09836801,20.14823,0.1633912
189,15.75,2.162496,167.315,0.04631703,0.167769,156.7319,0.04075116,-0.01096066,56.01371,0.2098447,-0.155356,49.42523,0.1872398,-0.6055717,19.73101,0.1754718,-0.08975044,20.18274,0.163153
190,15.833,2.190854,167.5882,0.04611909,0.1303613,156.7848,0.04063274,-0.003758914,56.28244,0.2088602,-0.1568559,49.53233,0.1864892,-0.6026306,19.77869,0.1750809,-0.08113856,20.21702,0.1629127
191,15.917,2.21921,167.8556,0.04591979,0.09291875,156.8357,0.0405154,0.00344283,56.54376,0.2078971,-0.1583699,49.63795,0.1857388,-0.599682,19.82648,0.17469,-0.07253071,20.25109,0.1626706
192,16,2.247563,168.1174,0.04571928,0.05545412,156.885,0.04039907,0.01064457,56.79939,0.2069535,-0.1598956,49.74234,0.1849888,-0.5967034,19.87449,0.1742988,-0.06392593,20.28497,0.1624269
193,16.083,2.275911,168.3742,0.04551767,0.01798097,156.933,0.04028368,0.01784631,57.05093,0.2060279,-0.1614303,49.84568,0.1842394,-0.5936759,19.9228,0.1739072,-0.05532379,20.3187,0.1621817
194,16.167,2.304252,168.6262,0.04531508,-0.01948359,156.9796,0.04016918,0.02504803,57.29839,0.2051196,-0.1629712,49.94806,0.1834906,-0.5905868,19.97135,0.1735152,-0.04672407,20.35228,0.1619354
195,16.25,2.332585,168.8737,0.04511161,-0.05692124,157.025,0.04005551,0.03224976,57.54142,0.2042272,-0.1645152,50.04953,0.1827426,-0.5874274,20.02006,0.1731228,-0.03812635,20.38574,0.1616879
196,16.333,2.36091,169.1171,0.04490737,-0.09431617,157.0693,0.03994261,0.03945148,57.77961,0.2033488,-0.1660595,50.15012,0.1819953,-0.5841901,20.06886,0.172729,-0.02952984,20.41908,0.1614395
197,16.417,2.389225,169.3567,0.04470245,-0.1316561,157.1125,0.03983043,0.04665319,58.0123,0.2024822,-0.1676016,50.24981,0.1812489,-0.5808688,20.11761,0.1723327,-0.02093326,20.4523,0.1611902
198,16.5,2.41753,169.5928,0.04449693,-0.168929,157.1546,0.03971891,0.05385491,58.23902,0.2016252,-0.1691396,50.34858,0.1805034,-0.5774609,20.16624,0.1719325,-0.01233514,20.48541,0.1609402
199,16.583,2.445825,169.8258,0.0442909,-0.2061235,157.1957,0.03960799,0.06105661,58.45966,0.2007767,-0.170672,50.44643,0.1797586,-0.573968,20.21469,0.1715275,-0.00373426,20.51841,0.1606896
200,16.667,2.474112,170.056,0.04408442,-0.243229,157.2358,0.03949759,0.06825832,58.67426,0.1999349,-0.1721977,50.54335,0.1790148,-0.5703909,20.26295,0.1711164,0.004870288,20.5513,0.1604385
201,16.75,2.502392,170.2836,0.04387757,-0.2802419,157.275,0.03938764,0.07546003,58.88286,0.1990989,-0.1737158,50.63937,0.1782717,-0.566728,20.31103,0.170698,0.01347897,20.58409,0.1601871
202,16.833,2.530668,170.509,0.04367039,-0.3171664,157.3133,0.0392781,0.08266174,59.08576,0.198268,-0.175226,50.73453,0.1775295,-0.5629794,20.35896,0.1702714,0.02209168,20.61679,0.1599353
203,16.917,2.558945,170.7324,0.04346296,-0.3540105,157.3508,0.03916891,0.08986346,59.28347,0.1974411,-0.1767284,50.82887,0.1767881,-0.5591462,20.40681,0.1698351,0.03070793,20.64941,0.1596833
204,17,2.587225,170.9541,0.04325531,-0.390782,157.3876,0.03906003,0.09706517,59.4767,0.1966164,-0.1782235,50.92245,0.1760476,-0.5552279,20.45467,0.1693877,0.03932704,20.68196,0.1594312
205,17.083,2.615511,171.1744,0.0430475,-0.4274883,157.4236,0.03895142,0.1042669,59.66602,0.1957922,-0.1797118,51.01531,0.1753078,-0.5512214,20.5026,0.1689283,0.04794822,20.71445,0.1591791
206,17.167,2.643806,171.3935,0.04283955,-0.4641374,157.459,0.03884304,0.1114686,59.85152,0.1949667,-0.1811943,51.10753,0.1745687,-0.5471252,20.55062,0.168456,0.05657112,20.74688,0.1589269
207,17.25,2.672111,171.6116,0.04263152,-0.500734,157.4938,0.03873486,0.1186703,60.03352,0.1941384,-0.1826715,51.19918,0.1738302,-0.5429388,20.59879,0.1679703,0.0651957,20.77927,0.1586748
208,17.333,2.70043,171.829,0.04242343,-0.5372814,157.5282,0.03862684,0.125872,60.21249,0.1933064,-0.184144,51.29033,0.1730923,-0.538663,20.64714,0.167471,0.07382224,20.81162,0.1584228
209,17.417,2.728763,172.0457,0.04221531,-0.5737835,157.562,0.03851894,0.1330737,60.38908,0.1924705,-0.1856119,51.38105,0.1723548,-0.5343035,20.69576,0.1669588,0.08245107,20.84394,0.1581708
210,17.5,2.75711,172.262,0.04200717,-0.6102476,157.5956,0.03841114,0.1402754,60.56394,0.1916317,-0.1870751,51.47142,0.1716177,-0.5298686,20.74471,0.1664351,0.09108224,20.87624,0.1579189
211,17.583,2.785468,172.478,0.04179902,-0.6466844,157.6289,0.0383034,0.1474771,60.73749,0.190791,-0.1885342,51.56151,0.1708809,-0.5253651,20.79404,0.1659015,0.09971558,20.90852,0.157667
212,17.667,2.813834,172.6938,0.04159087,-0.6831067,157.662,0.03819571,0.1546789,60.91008,0.1899493,-0.1899902,51.65139,0.1701442,-0.5207979,20.84375,0.1653597,0.1083507,20.94078,0.1574152
213,17.75,2.842205,172.9094,0.04138272,-0.719521,157.695,0.03808805,0.1618806,61.08187,0.189107,-0.1914439,51.74112,0.1694077,-0.5161726,20.89384,0.1648108,0.116987,20.97303,0.1571634
214,17.833,2.870579,173.1249,0.04117456,-0.7559307,157.7279,0.0379804,0.1690823,61.25307,0.1882645,-0.1928964,51.83073,0.1686712,-0.5114957,20.94434,0.1642557,0.1256238,21.00526,0.1569117
215,17.917,2.898954,173.3404,0.04096641,-0.7923388,157.7608,0.03787275,0.176284,61.42383,0.1874222,-0.1943482,51.9203,0.1679348,-0.5067724,20.99524,0.1636951,0.1342609,21.03749,0.15666
216,18,2.92733,173.5558,0.04075825,-0.8287463,157.7936,0.03776511,0.1834857,61.59436,0.1865802,-0.1957997,52.00983,0.1671984,-0.5020045,21.04658,0.1631293,0.142898,21.06972,0.1564083
